//(Note: The 'images' folder is assumed to be in the "/content/<course path>/" directory),,,,
//Question Text is always a required field,,,,
// An ID will be generated using the (Course code)-(Question number) if an ID is not specified for a question,,,,
,,,, 
// Please ensure that the CSV file is saved as "CSV UTF-8" encoded to ensure that non-ASCII characters like à, ø, é and other are able to be correctly imported,,,,
,,,, 
//MULTIPLE CHOICE QUESTION TYPE,,,,
//Question 1,,,,
NewQuestion,MC,,,
ID,RISK-221,,,
Title,Risk Management Governance,,,
QuestionText,Who bears ultimate responsibility for risk oversight in an organization's governance framework?,,,
Points,1,,,
Difficulty,3,,,
Option,0,The Chief Information Security Officer (CISO),,Incorrect. The CISO implements policy but doesn't have ultimate responsibility.
Option,100,The board of directors or equivalent leadership body,,Correct! They approve the risk management strategy and major initiatives.
Option,0,The IT department,,Incorrect. IT implements controls but doesn't have ultimate oversight responsibility.
Option,0,The security awareness training team,,Incorrect. This team supports the program but doesn't have oversight responsibility.
Hint,Think about who has the highest level of organizational authority,,,
Feedback,The board of directors or equivalent leadership body bears ultimate responsibility for risk oversight, approving the risk management strategy and major security initiatives,,,
,,,, 
//Question 2,,,,
NewQuestion,MC,,,
ID,RISK-222,,,
Title,Security Culture Development,,,
QuestionText,What is a key element in creating a risk-aware organizational culture?,,,
Points,1,,,
Difficulty,3,,,
Option,0,Eliminating all employee access to information systems,,Incorrect. This would prevent business operations.
Option,100,Embedding security into everyday business processes,,Correct! This makes security part of how work gets done.
Option,0,Conducting security training only during onboarding,,Incorrect. Ongoing training is essential.
Option,0,Implementing security controls without user input,,Incorrect. User involvement is important for adoption.
Hint,Think about how to make security a natural part of work rather than an obstacle,,,
Feedback,Creating a risk-aware culture requires embedding security into everyday business processes so it becomes "just how we do things" rather than an afterthought,,,
,,,, 
//MULTISELECT QUESTION TYPE,,,,
//Question 3,,,,
NewQuestion,MS,,,
ID,RISK-223,,,
Title,Security Budget Categories,,,
QuestionText,Which categories should be considered when allocating a security budget? (Select all that apply),,,
Points,2,,,
Difficulty,4,,,
Option,100,Foundation spending for essential security infrastructure,,Correct. This covers baseline controls needed regardless of specific threats.
Option,100,Risk-driven spending addressing specific identified threats,,Correct. This addresses threats from risk assessments.
Option,100,Compliance-driven spending for legal and regulatory requirements,,Correct. This ensures adherence to requirements.
Option,100,Innovation spending for emerging technologies and approaches,,Correct. This explores future improvements.
Option,0,Spending based solely on what competitors purchase,,Incorrect. This doesn't address your specific needs.
Hint,Think about different reasons organizations invest in security,,,
Feedback,Security budgets should consider foundation spending, risk-driven spending, compliance-driven spending, and innovation spending to address different organizational needs,,,
,,,, 
//Question 4,,,,
NewQuestion,MC,,,
ID,RISK-224,,,
Title,Security Technology Selection,,,
QuestionText,What should be the first step when selecting security technologies for an organization?,,,
Points,1,,,
Difficulty,3,,,
Option,0,Purchasing the latest security products available,,Incorrect. This doesn't ensure appropriate fit.
Option,100,Identifying key requirements based on risk assessment and operational needs,,Correct! This ensures appropriate solutions.
Option,0,Choosing products from the same vendor for simplicity,,Incorrect. This could limit effectiveness.
Option,0,Selecting technologies based on marketing materials,,Incorrect. Marketing doesn't show real-world effectiveness.
Hint,Think about what should guide technology selection decisions,,,
Feedback,Before evaluating specific products, organizations should identify key requirements based on their risk assessment, compliance obligations, and operational needs,,,
,,,, 
//MULTISELECT QUESTION TYPE,,,,
//Question 5,,,,
NewQuestion,MS,,,
ID,RISK-225,,,
Title,Security Metrics,,,
QuestionText,Which types of metrics are important for measuring information security program effectiveness? (Select all that apply),,,
Points,2,,,
Difficulty,4,,,
Option,100,Key Performance Indicators (KPIs) measuring control effectiveness,,Correct. These assess if controls are functioning properly.
Option,100,Key Risk Indicators (KRIs) providing early warning of increased risk,,Correct. These detect emerging threats.
Option,100,Return on Investment (ROI) and financial metrics,,Correct. These translate security into business terms.
Option,100,Operational metrics tracking specific control activities,,Correct. These guide day-to-day security activities.
Option,0,Only compliance metrics,,Incorrect. This creates a limited view of security effectiveness.
Hint,Think about what different aspects of security should be measured,,,
Feedback,Effective security measurement includes KPIs, KRIs, ROI and financial metrics, and operational metrics to provide comprehensive visibility,,,
,,,, 
//Question 6,,,,
NewQuestion,MC,,,
ID,RISK-226,,,
Title,Maturity Models,,,
QuestionText,What is the highest level in the Capability Maturity Model Integration (CMMI) for security programs?,,,
Points,1,,,
Difficulty,4,,,
Option,0,Initial,,Incorrect. This is the lowest level with ad hoc processes.
Option,100,Optimizing,,Correct! This focuses on continuous improvement.
Option,0,Defined,,Incorrect. This is a mid-level with standardized processes.
Option,0,Managed,,Incorrect. This is an early level with basic processes.
Hint,Think about what the most mature organizations focus on,,,
Feedback,The highest level in CMMI is Optimizing, which focuses on continuous improvement and innovation in security processes,,,
,,,, 
//MULTISELECT QUESTION TYPE,,,,
//Question 7,,,,
NewQuestion,MS,,,
ID,RISK-227,,,
Title,Implementation Roadmap,,,
QuestionText,Which elements are important for successful implementation of a risk management program? (Select all that apply),,,
Points,2,,,
Difficulty,4,,,
Option,100,Establishing foundational governance elements,,Correct. This provides the framework for implementation.
Option,100,Conducting comprehensive risk assessment,,Correct. This identifies priorities and informs decisions.
Option,100,Developing a communication plan,,Correct. This builds awareness and support.
Option,100,Implementing quick wins to build momentum,,Correct. This demonstrates early value.
Option,0,Implementing everything at once without planning,,Incorrect. This creates chaos and resistance.
Hint,Think about what helps ensure successful implementation,,,
Feedback,Successful implementation requires governance foundations, risk assessment, communication planning, and quick wins to build momentum,,,
,,,, 
//Question 8,,,,
NewQuestion,MC,,,
ID,RISK-228,,,
Title,Security Committees,,,
QuestionText,What is the primary role of an executive security committee in an organization?,,,
Points,1,,,
Difficulty,3,,,
Option,0,Implementing specific security controls,,Incorrect. This is a tactical role.
Option,100,Providing strategic direction and ensuring alignment with business objectives,,Correct! This is the executive committee's role.
Option,0,Conducting security awareness training,,Incorrect. This is typically handled by other teams.
Option,0,Responding to security incidents,,Incorrect. This is an operational function.
Hint,Think about the difference between strategic and tactical responsibilities,,,
Feedback,An executive security committee comprising senior leaders provides strategic direction and ensures alignment with business objectives,,,
,,,, 
//MULTISELECT QUESTION TYPE,,,,
//Question 9,,,,
NewQuestion,MS,,,
ID,RISK-229,,,
Title,Security Awareness Training,,,
QuestionText,Which approaches make security awareness training more effective? (Select all that apply),,,
Points,2,,,
Difficulty,4,,,
Option,100,Role-based training addressing specific job function risks,,Correct. This makes training more relevant.
Option,100,Ongoing communication through newsletters and reminders,,Correct. This keeps security top-of-mind.
Option,100,Using real-world scenarios and incident examples,,Correct. This demonstrates practical relevance.
Option,100,Recognition programs for positive security behaviors,,Correct. This reinforces desired actions.
Option,0,Annual compliance exercises only,,Incorrect. This is insufficient for building awareness.
Hint,Think about what makes training engaging and memorable,,,
Feedback,Effective training uses role-based content, ongoing communication, real-world scenarios, and recognition programs to build awareness,,,
,,,, 
//Question 10,,,,
NewQuestion,MC,,,
ID,RISK-230,,,
Title,Budget Justification,,,
QuestionText,When justifying security expenditures, what approach is most effective for decision-makers?,,,
Points,1,,,
Difficulty,4,,,
Option,0,Using technical jargon to demonstrate expertise,,Incorrect. This may confuse decision-makers.
Option,100,Framing discussions in business terms and connecting investments to specific risks,,Correct! This resonates with decision-makers.
Option,0,Requesting maximum possible budget without justification,,Incorrect. This is unlikely to be approved.
Option,0,Comparing budgets to unrelated departments,,Incorrect. This doesn't justify security needs.
Hint,Think about what language resonates with business decision-makers,,,
Feedback,When justifying security expenditures, frame the discussion in business terms rather than technical jargon, connecting investments to specific business risks,,,
,,,, 
//MULTIPLE CHOICE QUESTION TYPE,,,,
//Question 11,,,,
NewQuestion,MC,,,
ID,RISK-231,,,
Title,Technology Integration,,,
QuestionText,What is an advantage of integrated security platforms over individual point solutions?,,,
Points,1,,,
Difficulty,3,,,
Option,0,Higher total cost of ownership,,Incorrect. This is typically a disadvantage.
Option,100,Reduced management overhead and improved detection through correlation,,Correct! This is a key advantage.
Option,0,Increased complexity and integration challenges,,Incorrect. This is typically a disadvantage.
Option,0,Limited functionality in each security domain,,Incorrect. Platforms typically offer comprehensive capabilities.
Hint,Think about what benefits organizations seek when consolidating tools,,,
Feedback,Integrated platforms provide reduced management overhead and improved detection through correlation across different security domains,,,
,,,, 
//MULTISELECT QUESTION TYPE,,,,
//Question 12,,,,
NewQuestion,MS,,,
ID,RISK-232,,,
Title,Security Metrics Principles,,,
QuestionText,Which principles should guide the design of an effective security metrics program? (Select all that apply),,,
Points,2,,,
Difficulty,5,,,
Option,100,Start with a manageable number of metrics aligned with objectives,,Correct. This prevents overwhelming users.
Option,100,Ensure metrics are clearly defined and based on reliable data sources,,Correct. This ensures accuracy and consistency.
Option,100,Automate data collection where possible to improve accuracy,,Correct. This reduces manual effort and errors.
Option,100,Tailor metrics reporting to different audience needs,,Correct. This improves communication effectiveness.
Option,0,Focus exclusively on compliance metrics,,Incorrect. This creates a limited view of security.
Hint,Think about what makes metrics useful and actionable,,,
Feedback,Effective metrics programs start with manageable numbers, use clear definitions and reliable data, automate collection, and tailor reporting to audiences,,,
,,,, 
//Question 13,,,,
NewQuestion,MC,,,
ID,RISK-233,,,
Title,Continuous Improvement,,,
QuestionText,What framework provides a structured approach to enhancing security capabilities over time?,,,
Points,1,,,
Difficulty,3,,,
Option,0,Annual budget planning cycle,,Incorrect. This is a financial process.
Option,100,Plan-Do-Check-Act (PDCA) cycle,,Correct! This provides a structured improvement approach.
Option,0,Quarterly security audits,,Incorrect. This is a measurement activity.
Option,0,Monthly vulnerability scans,,Incorrect. This is an operational task.
Hint,Think about established frameworks for continuous improvement,,,
Feedback,The Plan-Do-Check-Act (PDCA) cycle provides a structured approach to continuous security improvement,,,
,,,, 
//MULTISELECT QUESTION TYPE,,,,
//Question 14,,,,
NewQuestion,MS,,,
ID,RISK-234,,,
Title,Maturity Assessment,,,
QuestionText,What are benefits of using maturity models for security program assessment? (Select all that apply),,,
Points,2,,,
Difficulty,4,,,
Option,100,Providing a framework for assessing current capabilities,,Correct. This identifies strengths and gaps.
Option,100,Enabling planning for future improvements,,Correct. This guides development efforts.
Option,100,Supporting benchmarking against industry standards,,Correct. This provides external context.
Option,100,Helping prioritize improvement initiatives,,Correct. This focuses efforts on key areas.
Option,0,Eliminating the need for any security investments,,Incorrect. Models guide but don't eliminate investments.
Hint,Think about how maturity models help organizations improve,,,
Feedback,Maturity models help assess current capabilities, plan improvements, benchmark against standards, and prioritize initiatives,,,
,,,, 
//Question 15,,,,
NewQuestion,MC,,,
ID,RISK-235,,,
Title,Risk Appetite,,,
QuestionText,Why is understanding organizational risk appetite important for resource allocation?,,,
Points,1,,,
Difficulty,4,,,
Option,0,It eliminates the need for any security spending,,Incorrect. Some spending is always needed.
Option,100,It provides context for security investment decisions,,Correct! This aligns spending with tolerance.
Option,0,It guarantees prevention of all security incidents,,Incorrect. No level of spending prevents all incidents.
Option,0,It reduces the need for risk assessments,,Incorrect. Risk appetite doesn't replace assessment.
Hint,Think about how risk tolerance affects spending decisions,,,
Feedback,Risk appetite provides the context for security investment decisions, helping align spending with the organization's tolerance for risk,,,
,,,, 
//MULTISELECT QUESTION TYPE,,,,
//Question 16,,,,
NewQuestion,MS,,,
ID,RISK-236,,,
Title,Security Technology Evaluation,,,
QuestionText,Which factors should be considered when evaluating security technologies? (Select all that apply),,,
Points,2,,,
Difficulty,5,,,
Option,100,Size and distribution of the environment,,Correct. This affects deployment requirements.
Option,100,Existing technology stack compatibility,,Correct. This affects integration needs.
Option,100,Staff capabilities and training requirements,,Correct. This affects operational effectiveness.
Option,100,Budget constraints and total cost of ownership,,Correct. This affects financial feasibility.
Option,0,Color scheme of the vendor's marketing materials,,Incorrect. This doesn't affect security effectiveness.
Hint,Think about what affects successful technology implementation,,,
Feedback,Technology evaluation should consider environment size, existing stack, staff capabilities, and budget constraints to ensure successful implementation,,,
,,,, 
//Question 17,,,,
NewQuestion,MC,,,
ID,RISK-237,,,
Title,Change Management,,,
QuestionText,What is a key element of effective change management for security implementations?,,,
Points,1,,,
Difficulty,3,,,
Option,0,Implementing changes without user notification,,Incorrect. This creates resistance and confusion.
Option,100,Involving affected stakeholders in the planning process,,Correct! This addresses concerns and builds support.
Option,0,Requiring users to adapt without any support resources,,Incorrect. This hinders adoption.
Option,0,Implementing all changes simultaneously,,Incorrect. This overwhelms users.
Hint,Think about what helps users accept new security requirements,,,
Feedback,Effective change management involves affected stakeholders in planning to incorporate their perspectives and address potential concerns,,,
,,,, 
//MULTISELECT QUESTION TYPE,,,,
//Question 18,,,,
NewQuestion,MS,,,
ID,RISK-238,,,
Title,Program Assessment,,,
QuestionText,Which approaches help maintain momentum in security program improvement efforts? (Select all that apply),,,
Points,2,,,
Difficulty,4,,,
Option,100,Regular program assessments using internal and external resources,,Correct. This maintains accountability.
Option,100,Balancing reactive improvements with proactive enhancements,,Correct. This prevents purely incident-driven focus.
Option,100,Learning from industry benchmarking and information sharing,,Correct. This accelerates improvement.
Option,100,Documenting adjustments and their rationale,,Correct. This maintains accountability.
Option,0,Ignoring external factors like audit findings,,Incorrect. This misses important improvement opportunities.
Hint,Think about what sustains long-term improvement efforts,,,
Feedback,Maintaining momentum requires regular assessments, balanced improvements, industry learning, and documented adjustments,,,
,,,, 
//Question 19,,,,
NewQuestion,MC,,,
ID,RISK-239,,,
Title,Security Frameworks,,,
QuestionText,Which established framework organizes cybersecurity around five core functions: Identify, Protect, Detect, Respond, and Recover?,,,
Points,1,,,
Difficulty,3,,,
Option,0,ISO 27001,,Incorrect. This focuses on information security management systems.
Option,100,NIST Cybersecurity Framework,,Correct! This uses the five core functions.
Option,0,COBIT,,Incorrect. This focuses on IT governance and management.
Option,0,FAIR,,Incorrect. This is a risk analysis framework.
Hint,Think about which framework uses these specific functions,,,
Feedback,The NIST Cybersecurity Framework provides a comprehensive approach organized around five core functions: Identify, Protect, Detect, Respond, and Recover,,,
,,,, 
//Question 20,,,,
NewQuestion,MC,,,
ID,RISK-240,,,
Title,Implementation Planning,,,
QuestionText,What is an important consideration when sequencing security implementation projects?,,,
Points,1,,,
Difficulty,4,,,
Option,0,Addressing all risks simultaneously regardless of priority,,Incorrect. This is typically impractical.
Option,100,Addressing critical risks first while building foundations for future capabilities,,Correct! This provides strategic focus.
Option,0,Implementing projects in alphabetical order,,Incorrect. This doesn't reflect risk priorities.
Option,0,Only implementing projects that are easy to deploy,,Incorrect. This may not address significant risks.
Hint,Think about how to prioritize implementation efforts,,,
Feedback,Implementation projects should be sequenced to address critical risks first while building foundations for future capabilities,,,